{
    "posts": [

        {
            "name": "BLAZER",
            "image": "https://www.elcarrocolombiano.com/wp-content/uploads/2018/06/20180622-CHEVROLET-BLAZER-2019-01.jpg",
            "description": "Class and luxury suv ever.",
            "price": "35100",
            "model": "2023",
            "category": "suvs",
            "color": "black"
        },

        {
            "name": "TAHOE",
            "image": "https://www.elcarrocolombiano.com/wp-content/uploads/2019/03/20190305-CHEVROLET-CRECIO-EN-VENTAS-DE-SUV-Y-PICK-UPS-EN-COLOMBIA-01.jpg",
            "description": "The best option for you.",
            "price": "54200",
            "model": "2023",
            "category": "suvs",
            "color": "red"
        },



        {
            "name": "COLORADO",
            "image": "https://www.chevrolet.com/content/dam/chevrolet/na/us/english/index/vehicle-groups/trucks/04-images/2024-silveradohd-segment.jpg?imwidth=960",
            "description": "Excelent and economic option.",
            "price": "26135",
            "model": "2023",
            "category": "trucks",
            "color": "grey"
        },

        {
            "name": "COLORADO EV",
            "image": "https://www.chevrolet.com/content/dam/chevrolet/na/us/english/index/vehicle-groups/trucks/04-images/2024-silveradohd-segment.jpg?imwidth=960",
            "description": "Excelent, electric and economic option.",
            "price": "29250",
            "model": "2023",
            "category": "elecric",
            "color": "black"
        },

        {
            "name": "SILVERADO",
            "image": "https://www.chevrolet.com/content/dam/chevrolet/na/us/english/index/vehicle-groups/trucks/04-images/2024-silveradoev-segment.jpg?imwidth=960",
            "description": "Another way to see trucks.",
            "price": "36300",
            "model": "2023",
            "category": "trucks",
            "color": "black"
        },

        {
            "name": "SILVERADO HD",
            "image": "https://www.chevrolet.ca/content/dam/chevrolet/na/canada/english/index/trucks/01-images/sustain-march2022/01-images/2022-colorado-masthead-01.jpg?imwidth=960",
            "description": "Another way to see a perfect potencial.",
            "price": "41500",
            "model": "2023",
            "category": "trucks",
            "color": "white"
        },

        {
            "name": "EQUINOX EV",
            "image": "https://www.chevrolet.ca/content/dam/chevrolet/na/canada/english/index/hybrid-and-electric/electric/masthead/2023-equinox-ev-design-01.jpg?imwidth=960",
            "description": "Electric option and the best one.",
            "price": "26600",
            "model": "2023",
            "category": "elecric",
            "color": "grey"
        },

        {
            "name": "BOLT EUV",
            "image": "https://thumbor.forbes.com/thumbor/fit-in/960x/filters:format(jpg)/https://www.forbes.com/wheels/wp-content/uploads/2022/09/2024ChevyEquinoxEV_Main.png",
            "description": "The future of electric vehicles.",
            "price": "27800",
            "model": "2023",
            "category": "elecric",
            "color": "grey"
        },

        {
            "name": "JOY",
            "image": "https://www.elcarrocolombiano.com/wp-content/uploads/2020/11/20201113-CHEVROLET-JOY-COLOMBIA-PRECIOS-VERSIONES-CARACTERISTICAS-01.jpg",
            "description": "The best car for family.",
            "price": "27000",
            "model": "2022",
            "category": "cars",
            "color": "white"
        },

        {
            "name": "ONIX SEDAN",
            "image": "https://www.elcarrocolombiano.com/wp-content/uploads/2019/03/20190322-CHEVROLET-ONIX-SEDAN-2020-REDLINE-PRIMERA-IMAGEN-OFICIAL-01.jpg",
            "description": "The best selled suburban car",
            "price": "13671",
            "model": "2023",
            "category": "cars",
            "color": "grey"
        },

        {
            "name": "JOY SEDAN",
            "image": "https://www.elcarrocolombiano.com/wp-content/uploads/2020/11/20201117-CHEVROLET-JOY-COLOMBIA-5-PUNTOS-CLAVE-01.jpg",
            "description": "Economic, confortable",
            "price": "15000",
            "model": "2023",
            "category": "cars",
            "color": "grey"
        },

        {
            "name": "CAMARO ZL1",
            "image": "https://hips.hearstapps.com/es.h-cdn.co/cades/contenidos/47760/2018-chevrolet-camaro-zl1-1le-104-1.jpg",
            "description": "Pure american muscle V8",
            "price": "53000",
            "model": "2023",
            "category": "performance",
            "color": "blue"
        },

        {
            "name": "CORVETTE C7",
            "image": "https://hips.hearstapps.com/hmg-prod.s3.amazonaws.com/images/160bf818-c8-corvette-1-1563520855.jpg?crop=1.00xw:0.892xh;0,0.0554xh&resize=1200:*",
            "description": "Fast, elegant, fancy",
            "price": "64500",
            "model": "2023",
            "category": "performance",
            "color": "red"
        },

        {
            "name": "CORVETTE STINGRAY",
            "image": "https://www.topgear.com/sites/default/files/cars-car/image/2020/02/2020-corvette-d55_1190.jpg",
            "description": "Pure emotion and experience",
            "price": "64500",
            "model": "2023",
            "category": "performance",
            "color": "grey"
        },

        {
            "name": "TRAILBLAZER",
            "image": "https://www.elcarrocolombiano.com/wp-content/uploads/2019/05/20190530-CHEVROLET-TRAILBLAZER-2021-NORTEAMERICA-01.jpg",
            "description": "The future of SUVs",
            "price": "22100",
            "model": "2023",
            "category": "SUV",
            "color": "yellow"
        },

        {
            "name": "SONIC",
            "image": "https://www.elcarrocolombiano.com/wp-content/uploads/2020/07/20200907-CHEVROLET-SONIC-PORTADA.jpg",
            "description": "Familiar, simple, genuine",
            "price": "16500",
            "model": "2023",
            "category": "cars",
            "color": "grey"
        },

        {
            "name": "MALIBU",
            "image": "https://hips.hearstapps.com/hmg-prod/images/2019-chevrolet-malibu-rs-101-1568289282.jpg?crop=0.655xw:0.535xh;0.164xw,0.303xh&resize=1200:*",
            "description": "The luxury sedan",
            "price": "25000",
            "model": "2023",
            "category": "cars",
            "color": "red"
        },

        {
            "name": "TRAVERSE",
            "image": "https://www.elcarrocolombiano.com/wp-content/uploads/2022/02/20220207-CHEVROLET-TRAVERSE-2022-COLOMBIA-PRECIOS-VERSIONES-CARACTERISTICAS-01.jpg",
            "description": "A huge familiar SUV",
            "price": "34520",
            "model": "2023",
            "category": "SUV",
            "color": "white"
        },

        {
            "name": "CORVETTE Z06",
            "image": "https://www.motortrend.com/uploads/2023/01/2023-Chevrolet-Corvette-Z06-4.jpg",
            "description": "The fastest in america",
            "price": "105300",
            "model": "2023",
            "category": "performance",
            "color": "yellow"
        },

        {
            "name": "TRAX",
            "image": "https://www.cnet.com/a/img/resize/0322b3fdc56a15a73e7c34933d1b2fc6ca2565d0/hub/2022/04/14/32519e66-a374-42c8-bbb3-f9e01734fba7/chevy-trax.jpg?auto=webp&fit=crop&height=675&width=1200",
            "description": "A brand new SUV",
            "price": "20400",
            "model": "2023",
            "category": "SUV",
            "color": "medium green"
        }



    ],
    "comments": [],
    "profile": {
        "name": "typicode"
    }
}